epoch;accuracy;loss;val_accuracy;val_loss
0;0.9994500279426575;0.014363187365233898;1.0;1.070059735264195e-10
