epoch;accuracy;loss;val_accuracy;val_loss
0;0.9987099766731262;0.01309807039797306;0.9996500015258789;0.0013888098765164614
