epoch;accuracy;loss;val_accuracy;val_loss
0;0.9991300106048584;0.027367036789655685;0.9998499751091003;0.0018556700088083744
