epoch;accuracy;loss;val_accuracy;val_loss
0;0.9994099736213684;0.02831856720149517;1.0;3.429756478823265e-10
