epoch;accuracy;loss;val_accuracy;val_loss
0;0.9993699789047241;0.011533930897712708;0.9999499917030334;0.004766565747559071
