epoch;accuracy;loss;val_accuracy;val_loss
0;0.9995399713516235;0.004636877216398716;1.0;5.477019592575733e-17
