epoch;accuracy;loss;val_accuracy;val_loss
0;0.9994199872016907;0.013959171250462532;0.9998999834060669;0.0012657676124945283
